Праймер,Крем,Карандаш
Лайнер,Карандаш,Тушь,Bb-крем
Матовая помада,Блеск
Крем,Праймер,Блеск
Матовая помада,Подводка,Тени,Тушь
Тени,Матовая помада,Крем,Гель
Помада,Bb-крем,Гель
Тушь,Тени,Помада,Лайнер
Крем,Лайнер,Помада,Карандаш,Блеск,Bb-крем
Подводка,Тени,Матовая помада
Помада,Подводка,Блеск,Тени
Лайнер,Подводка,Тушь,Тени,Bb-крем
Тушь,Лайнер,Блеск
Подводка,Крем
Блеск,Гель,Помада
Крем,Праймер,Гель,Тушь
Гель,Bb-крем,Помада,Блеск
Блеск,Тени,Bb-крем,Матовая помада,Помада
Гель,Помада,Тушь
Лайнер,Помада,Тушь,Карандаш,Подводка
Bb-крем,Блеск,Тени,Тушь
Карандаш,Крем,Праймер
Крем,Тушь,Карандаш,Праймер
Гель,Тушь,Праймер,Матовая помада
Матовая помада,Подводка,Крем
Гель,Лайнер,Карандаш,Bb-крем
Помада,Карандаш,Подводка
Праймер,Помада,Крем
Помада,Лайнер,Bb-крем
Карандаш,Помада,Лайнер,Блеск,Подводка
